{
	"version": 1,
	"changelists": [
		{
			"guid": "00000000000000000000000000000000",
			"description": "Default Uncontrolled Changelist",
			"files": [
				"/Users/yusufkhan/Downloads/InfiniteMatrixStarter/Content/InfiniteMatrix/Blueprints/BP_Player.uasset",
				"/Users/yusufkhan/Downloads/InfiniteMatrixStarter/Content/InfiniteMatrix/Blueprints/BP_TunnelSpawner.uasset",
				"/Users/yusufkhan/Downloads/InfiniteMatrixStarter/Content/InfiniteMatrix/Blueprints/BP_Tunnel.uasset",
				"/Users/yusufkhan/Downloads/InfiniteMatrixStarter/Content/InfiniteMatrix/UI/WBP_Restart.uasset",
				"/Users/yusufkhan/Downloads/InfiniteMatrixStarter/Content/InfiniteMatrix/Maps/TutorialMap.umap",
				"/Users/yusufkhan/Downloads/InfiniteMatrixStarter/Content/InfiniteMatrix/UI/WB_Health.uasset",
				"/Users/yusufkhan/Downloads/InfiniteMatrixStarter/Content/InfiniteMatrix/UI/WB_Score.uasset",
				"/Users/yusufkhan/Downloads/InfiniteMatrixStarter/Content/InfiniteMatrix/Meshes/SM_HealthPack.uasset",
				"/Users/yusufkhan/Downloads/InfiniteMatrixStarter/Content/InfiniteMatrix/Blueprints/BP_Projectile.uasset",
				"/Users/yusufkhan/Downloads/InfiniteMatrixStarter/Content/InfiniteMatrix/Meshes/SM_Enemy.uasset",
				"/Users/yusufkhan/Downloads/InfiniteMatrixStarter/Content/InfiniteMatrix/Import/Background1.uasset",
				"/Users/yusufkhan/Downloads/InfiniteMatrixStarter/Content/InfiniteMatrix/Import/Blood1.uasset",
				"/Users/yusufkhan/Downloads/InfiniteMatrixStarter/Content/InfiniteMatrix/Import/Blood_Vial1.uasset",
				"/Users/yusufkhan/Downloads/InfiniteMatrixStarter/Content/InfiniteMatrix/Import/Estus1.uasset",
				"/Users/yusufkhan/Downloads/InfiniteMatrixStarter/Content/InfiniteMatrix/Import/Estus_Flask1.uasset",
				"/Users/yusufkhan/Downloads/InfiniteMatrixStarter/Content/InfiniteMatrix/Import/FX1.uasset",
				"/Users/yusufkhan/Downloads/InfiniteMatrixStarter/Content/InfiniteMatrix/Import/Vials_Background.uasset",
				"/Users/yusufkhan/Downloads/InfiniteMatrixStarter/Content/InfiniteMatrix/Import/Vials_Base.uasset",
				"/Users/yusufkhan/Downloads/InfiniteMatrixStarter/Content/InfiniteMatrix/Import/Vials_Blood.uasset",
				"/Users/yusufkhan/Downloads/InfiniteMatrixStarter/Content/InfiniteMatrix/Import/Vials_Blood_Vial1.uasset",
				"/Users/yusufkhan/Downloads/InfiniteMatrixStarter/Content/InfiniteMatrix/Import/Vials_Cork.uasset",
				"/Users/yusufkhan/Downloads/InfiniteMatrixStarter/Content/InfiniteMatrix/Import/Vials_Estus.uasset",
				"/Users/yusufkhan/Downloads/InfiniteMatrixStarter/Content/InfiniteMatrix/Import/Vials_Estus_Flask2.uasset",
				"/Users/yusufkhan/Downloads/InfiniteMatrixStarter/Content/InfiniteMatrix/Import/Vials_Label.uasset",
				"/Users/yusufkhan/Downloads/InfiniteMatrixStarter/Content/InfiniteMatrix/Import/Vials_Particles.uasset",
				"/Users/yusufkhan/Downloads/InfiniteMatrixStarter/Content/InfiniteMatrix/Import/Vials_Particles1.uasset",
				"/Users/yusufkhan/Downloads/InfiniteMatrixStarter/Content/InfiniteMatrix/Import/Vials_Smoke.uasset",
				"/Users/yusufkhan/Downloads/InfiniteMatrixStarter/Content/InfiniteMatrix/Materials/Enemy.uasset"
			]
		}
	]
}